WORD,OCCURRENCES
the,99047
and,89219
of,89068
in,61145
to,42159
a,34997
with,30919
for,23524
were,20141
was,19357
patients,15279
is,14315
1,13389
by,13222
that,11853
on,11246
0,10563
as,10364
this,9934
abstract,9519
we,9168
study,9027
from,8668
or,8483
2,8137
an,7236
are,7043
at,7031
results,6987
be,6462
between,5787
treatment,5728
associated,5333
3,5332
cancer,5184
clinical,4893
cells,4848
risk,4838
all,4824
disease,4820
cell,4796
using,4671
©,4659
methods,4625
not,4594
analysis,4571
after,4568
5,4523
group,4415
have,4159
these,4091
health,3982
2020,3849
4,3730
,3709
s,3676
which,3650
p,3596
data,3588
based,3484
used,3446
high,3384
compared,3328
had,3274
may,3190
has,3160
their,3157
95%,3153
studies,3135
expression,3123
6,3080
significantly,3077
than,2990
age,2962
no,2956
use,2924
copyright,2911
levels,2901
=,2894
patient,2890
care,2886
been,2874
during,2863
increased,2839
significant,2827
can,2820
ci,2812
among,2808
our,2764
more,2754
higher,2748
non,2685
but,2684
also,2638
effects,2632
both,2606
factors,2575
related,2573
two,2563
however,2562
background,2554
time,2533
therapy,2519
who,2494
outcomes,2469
there,2411
,2381
years,2353
showed,2338
conclusions,2317
conclusion,2314
most,2256
it,2248
its,2230
total,2216
control,2184
activity,2183
groups,2176
published,2169
effect,2157
low,2152
review,2140
model,2127
one,2094
7,2073
induced,2067
potential,2066
other,2064
protein,2056
8,2026
including,2016
up,1975
found,1973
tumor,1963
human,1946
blood,1939
women,1936
performed,1911
association,1882
into,1877
role,1862
respectively,1841
included,1827
different,1827
well,1808
10,1805
level,1805
identified,1794
rate,1794
response,1783
rights,1775
type,1774
development,1767
reported,1765
function,1750
specific,1744
children,1743
research,1743
gene,1736
vs,1733
mean,1725
primary,1712
lower,1704
first,1704
reserved,1686
mortality,1685
survival,1680
surgery,1674
diagnosis,1664
medical,1651
cases,1640
such,1640
drug,1629
elsevier,1625
population,1618
quality,1615
9,1612
lung,1611
those,1609
findings,1604
pain,1599
&lt,1592
chronic,1580
year,1576
12,1575
mice,1571
c,1568
new,1560
system,1544
only,1542
participants,1542
positive,1524
2019,1523
evidence,1522
case,1518
medicine,1514
diabetes,1507
factor,1499
anti,1498
while,1496
acute,1496
infection,1487
through,1487
early,1480
b,1470
further,1468
t,1467
when,1466
three,1462
could,1456
injury,1454
present,1438
changes,1436
cohort,1427
brain,1405
without,1401
tissue,1380
hospital,1372
observed,1355
common,1343
test,1335
management,1330
liver,1329
important,1328
treated,1326
score,1304
outcome,1299
inflammatory,1297
follow,1290
immune,1275
diseases,1275
objective,1264
over,1263
differences,1255
aim,1254
overall,1251
intervention,1241
assessed,1233
i,1233
imaging,1232
months,1221
n,1209
will,1203
due,1202
number,1191
method,1190
within,1187
novel,1185
life,1179
serum,1179
ratio,1174
genes,1173
index,1171
impact,1170
syndrome,1168
evaluated,1166
reduced,1161
symptoms,1158
therapeutic,1156
resistance,1155
increase,1153
long,1153
current,1139
e,1139
receptor,1132
prevalence,1128
dose,1127
decreased,1121
rates,1121
should,1120
body,1119
conducted,1116
trial,1116
bone,1114
post,1112
il,1103
evaluate,1103
each,1097
severe,1087
assessment,1084
efficacy,1082
approach,1078
functional,1078
effective,1076
models,1069
growth,1068
following,1068
term,1062
single,1052
multiple,1052
cardiac,1048
hiv,1047
18,1046
regression,1045
sleep,1045
molecular,1043
report,1038
d,1033
heart,1031
status,1027
11,1023
did,1021
analyzed,1019
exposure,1019
inc,1015
whether,1011
stress,1009
breast,1009
surgical,1007
median,994
cardiovascular,994
acid,993
baseline,990
physical,989
identify,984
day,982
healthy,977
stage,976
individuals,972
revealed,971
about,971
provide,965
via,964
determine,964
difference,964
signaling,964
against,963
kidney,958
genetic,957
under,956
weight,956
15,954
disorders,950
samples,948
analyses,947
5%,946
loss,945
purpose,944
20,941
pathway,940
major,932
they,931
diagnostic,929
aimed,928
incidence,928
30,924
normal,924
mechanisms,922
small,922
assess,919
although,919
improve,914
cause,911
demonstrated,909
before,906
14,901
self,900
inflammation,899
characteristics,898
suggest,897
complications,894
here,893
death,891
13,891
negative,888
developed,886
p=0,885
safety,883
dna,882
adults,882
failure,880
support,876
days,873
information,872
period,871
pulmonary,869
addition,868
0,867
events,866
similar,866
range,861
controls,857
measured,854
renal,853
investigate,850
four,849
vitro,848
performance,848
investigated,847
value,846
per,845
activation,844
some,844
trials,842
improved,841
several,841
target,837
male,835
subjects,835
ltd,834
1%,833
recent,830
evaluation,828
screening,827
large,825
mass,819
24,816
mir,816
design,813
stem,809
sensitivity,808
7%,807
pressure,807
change,806
2%,806
plasma,806
society,805
vivo,802
less,801
conditions,800
disorder,800
pre,795
stroke,794
apoptosis,793
muscle,791
systematic,791
scale,791
ct,790
progression,786
sex,786
glucose,785
randomized,785
carcinoma,782
+,778
oral,778
16,775
p=0,775
4%,772
3%,772
8%,770
any,767
proteins,766
l,766
obesity,766
versus,763
reduction,762
free,758
adverse,757
knowledge,757
p&lt,757
many,756
underwent,755
cross,753
cognitive,753
involved,752
interventions,749
rats,746
17,746
received,744
collected,744
how,743
p&lt,743
better,742
depression,740
scores,739
various,739
practice,739
&amp,738
25,737
metabolic,737
derived,735
6%,735
meta,735
correlation,734
diagnosed,731
need,731
features,731
therefore,731
measures,730
detected,728
known,726
g,726
like,725
criteria,725
relationship,725
wiley,724
ml,721
article,717
retrospective,717
considered,713
american,713
controlled,713
confidence,711
adult,710
pregnancy,708
likely,707
9%,707
literature,707
de,706
interval,704
limited,704
2017,703
training,702
±,702
thus,702
pd,701
presence,699
being,699
mechanism,699
independent,697
key,696
standard,693
old,690
delivery,690
testing,690
future,690
across,689
2018,689
out,689
proliferation,689
female,685
hypertension,684
values,683
21,683
authors,680
obtained,679
responses,679
greater,677
area,676
v,675
process,674
drugs,674
according,670
social,670
h,668
lesions,667
older,666
skin,666
complex,663
dependent,661
increasing,661
associations,661
show,660
combination,659
examined,658
m,657
parameters,656
men,656
mediated,655
50,655
prevention,655
poor,653
infections,653
available,652
r,652
volume,649
five,644
adjusted,643
coronary,643
mutations,640
national,638
strategies,636
left,636
weeks,632
severity,631
0%,630
hr,630
ii,630
phase,630
et,629
species,627
rna,625
education,624
understanding,622
detection,621
tumors,620
cost,619
family,617
objectives,616
postoperative,615
administration,615
followed,612
aged,612
&gt,609
furthermore,609
general,609
co,608
survey,606
metabolism,604
effectiveness,604
assay,603
vascular,603
mg,602
determined,601
frequency,601
remains,599
virus,597
odds,597
network,597
tests,594
artery,594
pathways,594
19,594
prognosis,594
advanced,593
main,593
combined,592
regarding,589
author,588
types,586
people,586
university,584
shown,583
inhibition,583
prospective,583
needed,582
work,581
size,581
respiratory,581
insulin,581
learning,578
often,577
secondary,576
improvement,575
defined,573
al,573
mental,572
history,571
sample,571
kg,570
22,568
food,567
confirmed,565
binding,564
might,564
either,564
resistant,563
biomarkers,563
pediatric,563
public,561
end,560
tissues,559
formation,557
duration,557
correlated,556
2016,555
highly,555
mouse,555
sequencing,553
program,552
anxiety,552
questionnaire,551
chemotherapy,550
previous,550
concentrations,548
onset,548
central,548
reduce,547
23,545
if,544
moreover,543
flow,543
dysfunction,542
enhanced,542
critical,542
production,541
40,539
lipid,539
mri,538
community,538
whereas,533
despite,532
global,531
concentration,529
pcr,528
rare,528
short,528
birth,527
then,527
month,525
biological,525
setting,524
gender,523
cellular,523
aims,522
sectional,521
contrast,520
six,520
exercise,519
introduction,519
tomography,518
inhibitors,517
especially,516
comparison,515
inhibitor,514
active,514
underlying,511
damage,511
individual,511
properties,511
mutation,511
emergency,511
27,510
previously,510
possible,509
moderate,508
line,505
regulation,505
monitoring,501
students,500
required,499
indicated,499
28,499
average,498
ms,498
strategy,497
second,497
materials,495
31,494
prior,493
treatments,493
transplantation,493
center,493
state,492
grade,491
variants,490
prognostic,490
prostate,490
relative,489
influence,488
smoking,488
same,487
fat,487
john,486
guidelines,486
because,486
bmi,485
markers,484
spinal,484
additional,484
therapies,483
differentiation,483
sons,482
ultrasound,482
presented,481
expressed,481
week,481
compare,480
mitochondrial,480
systemic,479
areas,478
diabetic,476
help,475
caused,475
established,475
diet,475
estimated,475
os,475
daily,474
enrolled,473
ad,473
asthma,473
patterns,472
least,470
recurrence,468
direct,467
tool,466
endothelial,465
60,464
statistically,464
fibrosis,464
experience,464
targeting,464
essential,463
result,463
agents,461
predictive,460
26,459
logistic,459
alcohol,459
states,459
motor,458
services,458
magnetic,458
international,458
tested,457
maternal,457
still,456
interaction,456
relevant,455
site,455
structure,455
functions,454
ability,452
elevated,451
oxidative,451
100,450
antibody,449
29,449
implementation,449
examine,448
animal,448
characterized,447
studied,447
opioid,447
invasive,446
membrane,445
complete,444
kinase,443
36,442
would,440
good,440
accuracy,439
applied,439
targeted,439
systems,438
nerve,437
mrna,436
provides,436
play,436
genome,436
very,435
examination,435
decrease,433
importance,433
35,432
us,432
them,431
activities,428
pet,427
initial,427
epithelial,427
young,427
healthcare,427
adherence,427
vaccine,426
right,424
selected,423
variables,423
undergoing,423
isolated,422
affected,421
peripheral,421
develop,420
region,420
profile,419
demonstrate,417
33,417
repair,417
application,417
behavior,417
child,417
leading,416
explore,416
approaches,416
bacterial,416
database,415
medication,414
generation,413
countries,412
lead,411
real,411
highest,410
48,410
calculated,409
migration,409
chinese,408
protected,408
technique,408
local,407
include,406
provided,405
lack,405
identification,404
intake,401
describe,401
science,401
interactions,400
isolates,400
knee,400
protocol,399
regions,398
2015,398
stimulation,398
surface,398
metastasis,397
impairment,397
37,397
reviewed,396
fluid,396
laboratory,396
order,395
length,395
activated,395
trauma,395
burden,394
thyroid,394
multivariate,394
receiving,393
gastric,393
quantitative,393
developing,392
recently,392
specificity,390
access,389
whole,389
compounds,388
alone,387
intestinal,387
myocardial,387
vitamin,387
resection,386
32,386
promising,385
aortic,385
affect,383
rapid,383
unknown,381
ed,381
receptors,381
measure,381
radiation,381
decision,380
hcc,379
administered,379
infants,379
form,379
suggested,378
toxicity,378
sd,377
34,377
urinary,377
experimental,377
head,377
since,377
condition,376
viral,376
pattern,376
resonance,376
mellitus,376
living,375
transplant,375
peptide,374
point,374
90,374
clinically,374
even,374
colorectal,374
benefit,373
injection,373
hazard,373
oxygen,372
structural,372
neurons,371
china,371
populations,371
targets,371
reports,371
alternative,370
fatty,370
traditional,370
indicate,369
predict,369
linked,369
procedure,369
bleeding,369
af,369
culture,369
computed,369
contribute,368
components,368
part,368
do,368
antimicrobial,366
adolescents,366
42,365
autophagy,364
world,364
western,364
suggests,363
nsclc,363
images,362
involvement,362
commonly,361
80,361
light,360
ventricular,360
2014,359
side,359
tools,358
distribution,358
cerebral,358
january,357
points,357
particularly,356
where,355
density,355
cervical,355
mixed,355
phenotype,354
f,354
field,354
45,354
mechanical,354
dietary,354
suggesting,353
useful,353
release,353
measurements,353
modified,352
potentially,351
increases,351
visual,351
anterior,350
given,350
unclear,349
causes,349
protective,349
65,349
invasion,349
few,349
significance,349
matched,348
content,348
prediction,348
animals,347
la,347
yet,346
inhibited,345
host,345
macrophages,345
environment,344
divided,344
made,344
38,344
preoperative,344
reporting,344
focus,343
proportion,343
uptake,343
seen,343
egfr,343
sites,342
making,342
water,342
longitudinal,342
roles,341
memory,341
copd,340
times,339
morbidity,339
occurred,338
described,338
capacity,338
cycle,337
techniques,336
having,336
39,336
processes,335
prevent,335
settings,335
behavioral,335
placebo,334
strength,333
methylation,333
gut,333
46,333
pancreatic,333
multi,333
transcription,332
ischemic,331
re,331
95%ci,330
antigen,330
recovery,330
linear,330
class,330
longer,329
min,329
regulatory,329
set,329
nuclear,329
chain,328
iii,328
optimal,327
best,327
calcium,327
currently,327
completed,326
procedures,326
43,325
challenges,325
cox,325
metastatic,324
sepsis,324
p &lt,324
infected,323
neural,323
treat,323
environmental,323
recorded,322
unique,322
predictors,322
reference,322
benefits,321
44,321
75,321
validation,321
antibodies,320
68,320
conventional,320
full,320
fracture,320
regulated,319
improving,319
arterial,319
bacteria,318
induction,318
antibiotic,318
natural,318
department,318
paper,317
56,317
51,317
reducing,317
females,317
presentation,317
statistical,317
products,316
males,316
lines,316
wide,316
47,316
1,316
,316
image,315
biomarker,315
terms,314
95,314
additionally,314
49,314
intensity,313
united,313
variation,313
biopsy,313
open,313
sexual,313
mild,312
malignant,312
context,312
strains,311
pathogenesis,311
rehabilitation,311
,311
european,310
remain,310
cancers,310
consumption,310
comprehensive,310
classification,310
mm,310
joint,309
hip,309
assays,308
microbiota,308
appropriate,308
reaction,308
,308
profiles,307
predicted,307
physicians,307
eight,307
course,306
programs,306
62,306
upper,306
selection,306
internal,306
operative,305
problems,305
admission,305
recurrent,305
cm,305
tnf,304
childhood,303
together,303
injuries,302
o,302
psychological,301
designed,300
majority,300
deficiency,299
measurement,299
technology,299
hospitals,299
investigation,299
achieved,298
action,298
search,298
72,298
tract,297
attention,297
x,297
41,296
pro,296
ca,296
exhibited,295
energy,295
illness,295
variant,295
recommendations,295
fetal,295
frequently,294
tb,294
late,294
pathology,294
proposed,293
mesenchymal,293
initiation,292
vaccination,292
symptom,292
validated,291
3d,291
curve,291
cord,291
finally,291
rat,291
disability,291
elderly,291
met,291
complication,290
observational,290
ckd,290
hf,289
continuous,289
atrial,289
arthritis,288
containing,287
2013,287
promote,287
applications,287
multivariable,287
series,286
reactive,286
home,286
independently,285
53,285
estimate,285
articles,285
databases,285
immunotherapy,285
dementia,285
implications,285
54,284
55,284
does,284
mainly,283
resulting,283
52,283
epidemiology,283
component,282
57,282
pathological,282
needs,282
seven,282
tbi,281
resulted,281
cytokines,281
recruited,281
safe,281
marker,281
64,281
obstructive,281
,281
70,280
infarction,280
inclusion,280
distinct,279
domain,279
graft,279
providers,279
clinic,279
enzyme,278
acids,278
surveillance,277
electronic,277
december,276
hormone,276
obese,276
spectrum,276
clinicians,276
practices,276
radiotherapy,276
61,275
led,275
last,275
lesion,275
successful,275
experienced,274
third,274
middle,274
ovarian,274
67,273
73,273
abdominal,273
neonatal,273
what,273
92,272
qualitative,272
ra,270
doses,270
behalf,270
reconstruction,270
y,270
exposed,269
fraction,269
service,269
costs,268
subsequent,268
white,268
school,268
registry,268
understand,267
frequent,267
retrospectively,267
double,267
organ,267
neurological,267
taken,267
risks,266
66,266
carried,265
agent,265
efficiency,265
abnormal,265
infectious,265
plays,264
pa,264
humans,264
stable,264
impaired,264
airway,264
nf,263
recommended,263
96,263
plus,263
comparing,263
intensive,263
nutrition,263
molecules,262
composition,262
signal,262
cholesterol,262
demographic,262
alterations,261
widely,260
transmission,260
along,260
k,260
wound,260
so,260
please,259
absence,259
off,259
genotype,259
persistent,259
l1,258
susceptibility,258
strong,258
gastrointestinal,258
discharge,257
air,257
transition,256
step,256
clear,256
percentage,255
melanoma,255
detect,255
98,254
degree,254
interest,254
hepatic,254
little,254
aging,254
hepatitis,254
providing,253
phosphorylation,253
records,253
communication,253
material,253
%,252
satisfaction,251
thickness,251
deep,251
nanoparticles,251
journal,251
p = 0,251
78,250
press,250
existing,250
iron,250
emerging,250
able,249
sequence,249
sensitive,249
beneficial,249
strain,249
consistent,249
larger,249
media,249
trends,249
endoscopic,249
,249
explored,248
worldwide,248
69,248
positively,248
b,248
source,248
p=,248
success,247
heterogeneity,247
58,247
classified,247
necrosis,247
76,247
iv,247
discuss,246
ratios,246
induce,246
event,246
dental,246
accumulation,245
remained,245
antioxidant,245
focused,245
psychiatric,245
down,245
extracellular,245
behaviors,244
staining,244
71,244
serious,244
consecutive,244
perceived,244
ir,244
feasibility,244
fold,243
cortex,243
59,243
half,243
directly,242
inhibitory,242
upon,242
extract,241
guided,241
u,240
problem,240
97,240
cytokine,240
74,240
chemical,240
synthesis,240
barriers,239
 0,238
wall,238
ros,238
south,238
treating,238
neck,238
congenital,238
discussion,238
neuronal,237
posterior,237
twenty,237
89,236
urine,236
visits,236
lymphoma,236
unit,236
platelet,236
nine,236
crucial,235
50%,235
84,235
bias,234
variability,234
occurrence,234
fusion,234
partial,234
99,233
challenge,233
income,233
79,233
beta,233
tobacco,233
interleukin,233
traumatic,233
crc,232
particular,232
device,232
85,232
intravenous,232
tuberculosis,232
basis,231
77,231
nasal,231
skeletal,231
hand,231
resolution,230
stability,230
routine,230
donor,230
malaria,230
82,229
100%,229
final,229
economic,229
approximately,229
options,228
91,228
permissions,228
reproductive,228
sodium,228
overexpression,228
date,227
pneumonia,227
policy,227
nursing,227
past,226
until,226
matrix,226
physiological,226
tumour,226
utilization,226
viability,225
decline,225
ventilation,225
japanese,225
necessary,224
fully,224
2012,224
address,224
eligible,224
63,224
transfer,224
88,224
enhance,224
agreement,224
94,223
become,223
analysed,223
maintenance,223
hospitalization,223
sub,223
circulating,223
registration,223
signs,222
nervous,222
cvd,222
comorbidities,222
lymph,222
utility,222
users,222
abnormalities,222
akt,222
involving,221
86,221
influenza,221
towards,220
worse,220
above,220
issues,220
marrow,220
pharmacological,220
hepatocellular,220
hla,219
relationships,219
spontaneous,219
anesthesia,219
ph,219
facilitate,218
randomly,218
promotes,218
specifically,218
next,218
osa,217
count,217
framework,217
valve,217
newly,217
oil,217
alpha,217
core,217
rural,217
subgroup,217
extracted,216
pregnant,216
com,216
variable,216
dogs,216
bowel,216
pooled,216
machine,216
concerns,216
stay,215
81,215
specimens,215
periodicals,215
distress,215
acquired,215
selective,215
autoimmune,215
precision,215
evaluating,215
delayed,215
centers,215
en,215
regulating,214
antibiotics,214
schizophrenia,214
dl,214
,214
lps,213
analyze,213
comparable,213
83,213
dimensional,213
venous,213
macrophage,213
genomic,213
alzheimer,212
occur,212
colon,212
standardized,212
distal,212
later,211
relatively,211
liquid,211
superior,211
predicting,211
adjuvant,211
advances,211
coli,210
receive,210
ablation,210
medications,210
insights,210
fasting,210
members,209
developmental,209
93,208
secretion,208
processing,208
limb,208
experiments,208
replacement,208
87,208
hypothesis,208
identifying,208
dual,208
represent,207
immunity,207
diverse,207
successfully,207
task,207
hypoxia,207
language,207
summary,207
wild,206
smokers,206
axis,206
stenosis,206
journals,206
fractures,206
manner,205
trend,205
emotional,205
bilateral,205
leukemia,205
aki,205
retinal,205
oxford,204
hours,204
diversity,204
homeostasis,204
mirnas,204
parents,204
cohorts,203
iqr,203
expected,203
microscopy,203
temporal,203
preterm,203
generated,202
regeneration,202
shows,202
sampling,202
csf,201
structures,201
implantation,201
coding,201
categories,201
rt,201
operating,201
lncrna,201
oncology,201
metastases,200
leads,200
searched,200
amino,200
lipoprotein,200
compound,200
lateral,200
face,199
pathogenic,199
nurses,199
japan,198
2011,198
2010,198
aspects,198
predictor,198
challenging,198
ischemia,198
prolonged,198
accurate,198
biochemical,198
integrated,198
candidate,197
stages,197
domains,197
intracellular,197
shock,197
online,197
regional,197
prevalent,196
english,196
5p,196
arrest,196
altered,196
eyes,196
korean,196
proximal,196
extent,195
ibd,195
discussed,195
characteristic,195
presenting,195
algorithm,195
efficient,195
interviews,195
sources,195
working,195
way,194
dynamic,194
catheter,194
differential,194
differ,193
finding,193
cortical,193
tolerance,193
limitations,193
reliable,192
net,192
hemorrhage,192
back,192
intra,192
great,192
residents,191
progressive,191
affects,190
cns,190
depressive,190
indicating,190
gestational,190
experiences,190
awareness,190
microbiome,190
academic,190
amyloid,189
nafld,188
strongly,188
must,188
require,188
driven,188
growing,188
done,188
person,188
bladder,188
younger,188
discovery,188
random,188
chest,188
thirty,188
version,188
atherosclerosis,188
validity,188
understood,187
achieve,187
lv,187
difficult,187
10%,187
efforts,187
1,187
node,186
hcv,186
dm,186
benign,186
guide,186
pilot,186
comparative,186
african,185
barrier,185
auc,185
simple,185
space,185
arm,185
college,185
characterization,185
block,184
protection,184
polymorphism,184
around,184
assessing,184
web,184
aor,184
email,183
africa,183
variety,183
pathogens,183
3p,183
balance,183
every,183
sensory,183
cytometry,183
lumbar,183
questions,183
fluorescence,183
suicide,183
cochrane,182
mscs,182
adhesion,182
race,182
eye,182
mutant,181
threshold,181
regulate,181
microenvironment,181
throughout,181
promoting,181
team,181
diastolic,181
sustained,181
fibrillation,181
biology,181
laser,181
palliative,181
metabolites,180
implant,180
visit,180
admitted,180
hearing,180
sclerosis,180
outpatient,180
gc,180
tertiary,180
relevance,180
los,180
location,179
reduces,179
gain,179
affecting,179
epilepsy,179
healing,179
june,178
allele,178
intervals,178
temperature,178
overweight,178
robust,178
solid,178
morphology,178
inhibits,178
lifestyle,178
bp,178
sperm,178
refractory,178
fatigue,178
registered,178
se,178
asian,177
professionals,177
recipients,177
relation,177
substantial,177
dialysis,177
panel,177
apnea,177
poorly,176
effectively,176
networks,176
potent,176
adjustment,176
negatively,176
aureus,176
adjusting,176
families,176
employed,176
live,176
soft,176
another,176
suspected,175
australia,175
participation,175
microbial,175
respondents,175
estimates,175
functioning,175
external,175
supplementation,175
=0,175
dynamics,175
caspase,175
characterize,174
attenuated,174
phenotypes,174
improvements,174
angiogenesis,174
needle,174
myeloid,174
squamous,174
embase,174
he,174
molecule,173
recognition,173
toward,173
generally,173
consensus,173
physician,173
osteoarthritis,173
sought,172
cc,172
highlight,172
polymerase,172
fish,172
shorter,171
stratified,171
innate,171
cut,171
fungal,171
taking,171
prescription,171
reliability,171
cd8,170
goal,170
load,170
relapse,170
software,170
skills,170
malignancy,170
urban,170
now,170
surgeons,170
ldl,169
weighted,169
inferior,169
maximum,169
adenocarcinoma,169
near,169
anticancer,169
ag,169
act,169
copyright©,168
symptomatic,168
fever,168
deaths,168
planning,168
protocols,168
spine,168
violence,168
minimal,168
educational,168
substance,168
diagnoses,168
art,168
requires,167
hundred,167
medium,167
preeclampsia,167
guideline,167
idiopathic,167
cd,167
correction,167
mirna,166
produced,166
engagement,166
extraction,166
professional,166
allergic,166
j,166
improves,166
eating,166
basic,166
herein,166
adolescent,166
insurance,166
organization,166
channel,165
rnas,165
resources,165
induces,165
option,165
serve,164
remodeling,164
stiffness,164
exposures,164
spatial,164
cisplatin,164
subsequently,164
minutes,163
reveal,163
pfs,163
contact,163
correlations,163
determinants,163
prenatal,163
ng,163
,163
differentially,162
heat,162
laparoscopic,162
rheumatoid,162
tgf,161
amount,161
adipose,161
blot,161
collection,161
collagen,161
20%,160
30%,160
causing,160
infiltration,160
t2dm,160
plant,160
angiography,160
perspective,160
screened,159
reperfusion,159
terminal,159
reviews,159
incident,159
ranged,158
rather,158
usually,158
oxide,158
evolution,158
residual,158
adequate,158
survivors,158
ten,158
regardless,157
polymorphisms,157
noted,157
infusion,157
matter,157
position,157
responsible,157
observation,157
organs,157
regulates,157
utilized,157
systolic,157
cumulative,157
progress,157
structured,157
immunohistochemistry,157
tg,157
inhibit,156
demonstrates,156
perform,156
remission,156
albumin,156
broad,156
original,156
much,156
proportional,156
mothers,156
hba1c,156
indicators,156
screen,156
almost,156
elisa,155
commercial,155
diameter,155
institute,155
product,155
intraoperative,155
modification,155
assisted,155
intracranial,155
epigenetic,155
occupational,155
psoriasis,155
univariate,155
hbv,154
suppressed,154
excellent,154
implemented,154
others,154
referred,154
cs,154
nature,154
aggressive,154
anatomical,154
perspectives,154
percutaneous,154
none,154
considering,154
pneumoniae,153
pm,153
checkpoint,153
cd4,153
represents,153
mtor,153
vaccines,153
requiring,153
deletion,153
propose,153
make,153
feedback,153
upregulated,153
devices,153
modeling,153
forty,153
acupuncture,153
mobile,153
largely,152
establish,152
connectivity,152
rr,152
cytotoxicity,152
endogenous,152
items,152
asd,151
icu,151
cultured,151
permissions@oup,151
percent,151
thrombosis,151
hpv,151
chromatography,151
perioperative,151
signals,150
bc,150
sequences,150
esophageal,150
multicenter,150
upregulation,150
defects,150
hemoglobin,150
vas,150
dr,150
2+,149
uk,149
find,149
milk,149
promoted,149
deficient,149
favorable,149
minimum,149
numbers,149
technologies,149
transcriptional,149
except,149
basal,149
wave,149
gov,148
recognized,148
peptides,148
controlling,148
coefficient,148
feasible,148
manifestations,148
nps,148
apoptotic,148
scoring,148
composite,148
pi3k,148
igg,147
scan,147
peak,147
contributes,147
july,147
participated,147
vein,147
cluster,147
power,147
prescribed,147
recombinant,147
mitochondria,147
opportunities,147
hospitalized,147
knockdown,147
interstitial,147
des,147
na,147
decisions,146
assigned,146
documented,146
increasingly,146
stromal,146
whom,146
varied,146
workers,146
publishers,146
randomised,146
ifn,146
interpretation,146
1,146
hypothesized,145
born,145
allows,145
earlier,145
academy,145
concern,145
elements,145
carotid,145
cr,145
referral,145
epidemiological,145
expert,145
lncrnas,144
likelihood,144
primarily,144
occurring,144
ligand,144
stimulated,144
spectrometry,144
feeding,144
murine,144
resource,144
prophylaxis,144
dissection,144
red,144
foundation,144
ligament,144
cutaneous,144
translational,144
lc,143
speed,143
showing,143
der,143
expansion,143
corresponding,143
rich,143
overview,143
tendon,143
tau,143
thoracic,143
80%,142
certain,142
mi,142
subtypes,142
inhibiting,142
suppression,142
perceptions,142
infant,142
preventive,142
die,142
diffusion,142
echocardiography,142
p53,141
excluded,141
determining,141
angle,141
profiling,141
restriction,141
issue,141
reverse,141
nutritional,141
base,141
app,141
similarly,141
viruses,140
endpoint,140
decreasing,140
transport,140
enriched,140
pathogen,140
includes,140
postpartum,140
er,140
numerous,140
engineering,140
frailty,140
coverage,139
pc,139
link,139
clearance,139
probability,139
sinus,139
extended,139
glioma,139
mapping,139
receiver,139
isolation,139
black,139
occurs,138
antagonist,138
counts,138
ongoing,138
closely,138
influenced,138
consequences,138
directed,138
questionnaires,138
motion,138
tyrosine,138
once,138
bile,138
ec,137
forms,137
preventing,137
solution,137
march,137
institution,137
feature,137
reactions,137
facilities,137
variations,137
critically,137
cardiomyopathy,137
category,137
inpatient,137
hair,137
see,137
lacking,136
subgroups,136
episodes,136
units,136
cannabis,136
ill,136
regimen,136
attitudes,136
digital,136
clinicaltrials,136
mets,136
autism,136
cad,135
valuable,135
pathophysiology,135
heterogeneous,135
nucleotide,135
enzymes,135
staff,135
timing,135
modulation,135
endometrial,135
emission,135
transfusion,135
repeated,135
personalized,135
descriptive,135
lowest,134
confirm,134
inducing,134
decades,134
persons,134
degradation,134
september,134
atp,134
obstruction,134
morphological,134
rank,134
immediate,134
top,134
preclinical,134
carbon,134
ages,134
histological,134
stent,134
corneal,134
though,134
indicates,133
offer,133
thereby,133
hdl,133
operation,133
donors,133
hippocampus,133
enhancement,133
asymptomatic,133
movement,133
expressing,133
america,133
shift,133
histopathological,133
pca,133
define,132
radiological,132
cirrhosis,132
inform,132
availability,132
abuse,132
detailed,132
investigations,132
microrna,132
annual,132
beyond,132
optical,132
rationale,132
emerged,131
appears,131
highlights,131
mostly,131
adrenal,131
extensive,131
choice,131
translation,131
repeat,131
scientific,131
perinatal,131
sp,131
ar,130
2008,130
consider,130
assessments,130
expressions,130
creatinine,130
spp,130
modalities,130
youth,130
colitis,130
north,130
provider,130
measuring,130
promotion,130
gold,130
medline,130
fibroblasts,129
200,129
million,129
account,129
femoral,129
insight,129
chromosome,129
somatic,129
reasons,129
compliance,129
comorbidity,129
practical,129
cystic,129
a,128
plaque,128
rcts,128
reversed,128
rapidly,128
inter,128
shared,128
neutrophil,128
qol,128
student,128
importantly,128
aids,128
vegf,127
limit,127
contribution,127
prospectively,127
close,127
enhancing,127
concept,127
variance,127
vital,127
preparation,127
absolute,127
stat3,127
plants,127
biofilm,127
surveys,127
histone,127
centre,127
psa,127
agonist,126
exhibit,126
allow,126
removal,126
integrity,126
died,126
guidance,126
nucleus,126
delay,126
regulator,126
arthroplasty,126
hematopoietic,126
cigarette,126
clinics,126
artificial,126
m2,126
accompanied,125
40%,125
occlusion,125
october,125
subset,125
salmonella,125
nk,125
focal,125
pelvic,125
prescribing,125
computer,125
his,125
placental,125
metformin,125
special,125
seizure,125
library,125
intermediate,124
possibly,124
behaviour,124
decreases,124
revision,124
athletes,124
vessel,124
concurrent,124
propensity,124
integration,124
crp,123
summarize,123
depletion,123
gland,123
origin,123
log,123
clusters,123
anemia,123
perception,123
prepared,123
socioeconomic,123
layer,123
microglia,123
diffuse,123
topical,123
tc,123
fdg,122
pcos,122
cmv,122
cultures,122
depth,122
scans,122
researchers,122
etiology,122
canada,122
maintaining,122
asia,122
motility,122
subject,122
modifications,122
gap,122
simulation,122
project,122
methodology,122
ultrasonography,122
endocrine,122
ic,121
25%,121
oa,121
dominant,121
qpcr,121
regimens,121
approved,121
adjacent,121
undergo,121
usage,121
investigating,121
carriers,121
minor,121
classes,120
activating,120
kaplan,120
signature,120
nlrp3,120
differentiated,120
deficits,120
testosterone,120
cartilage,120
april,120
themes,120
gait,120
publication,120
demographics,120
delivered,120
video,120
phosphate,120
segment,120
mobility,120
ocular,120
vte,119
implicated,119
muscles,119
staphylococcus,119
emt,119
remaining,119
suitable,119
seizures,119
matching,119
coupled,119
hypertensive,119
platform,119
recruitment,119
correlates,119
electron,119
nationwide,119
placenta,119
medicines,119
fertility,119
neonates,119
cessation,118
hour,118
md,118
means,118
located,118
mucosal,118
supporting,118
missing,118
acting,118
fixed,118
toxic,118
neoplasms,118
thought,118
excessive,118
readmission,118
ex,118
fewer,118
korea,118
subjective,118
foot,118
genetics,118
ga,118
2009,117
saudi,117
edema,117
endometriosis,117
transient,117
hence,117
supported,116
meier,116
elucidate,116
country,116
drinking,116
monitor,116
synthetic,116
modality,116
indications,116
genotypes,116
cytotoxic,116
vaginal,116
loop,116
regenerative,116
premature,116
mood,116
2,116
plasticity,115
parkinson,115
mda,115
personal,115
ranging,115
complicated,115
discrimination,115
neutrophils,115
usual,115
mdr,115
ensure,115
pollution,115
respect,115
mode,115
return,115
concomitant,115
therapeutics,115
newborn,115
native,115
interventional,115
fecal,115
st,115
datasets,114
produce,114
spread,114
und,114
periods,114
failed,114
consisted,114
sessions,114
indirect,114
saline,114
downregulated,114
impacts,114
malignancies,114
blind,114
neuropathy,114
her,114
flap,114
p = ,114
go,114
t1,113
contributing,113
validate,113
lactate,113
roc,113
steps,113
pulse,113
enrichment,113
acquisition,113
veterinary,113
•,112
constructed,112
120,112
injected,112
place,112
vertebral,112
g,112
continued,112
anticoagulation,112
resuscitation,112
placement,112
ethnic,112
ps,112
pharmacokinetics,112
cold,112
smaller,111
producing,111
ampk,111
error,111
downstream,111
label,111
90%,111
regard,111
localization,111
biopsies,111
india,111
november,111
stratification,111
radiomics,111
car,111
facial,111
glioblastoma,111
queries,110
typically,110
admissions,110
t2d,110
section,110
reach,110
examinations,110
describes,110
acl,110
crispr,110
electrical,110
deviation,110
persistence,110
fiber,110
zone,110
nrf2,110
theory,110
multidisciplinary,110
outside,110
tracking,110
force,110
septic,110
rating,110
bentham,109
epub@benthamscience,109
deposition,109
categorized,109
maintain,109
proven,109
mail,109
glycemic,109
bioactive,109
indices,109
uterine,109
sociodemographic,109
technical,109
text,109
hs,109
herbal,109
atrophy,108
mapk,108
responders,108
overcome,108
height,108
maintained,108
circulation,108
metrics,108
viable,108
promoter,108
vessels,108
ejection,108
hypoxic,108
neuron,108
typical,108
depending,108
macular,108
radical,108
teaching,108
preliminary,108
gram,108
warranted,107
appear,107
explain,107
2000,107
naïve,107
displayed,107
whose,107
member,107
sizes,107
permeability,107
susceptible,107
interestingly,107
neurodegenerative,107
intrinsic,107
seems,107
industry,107
fatal,107
aspiration,107
adaptation,107
perfusion,107
initially,107
soluble,107
immunofluorescence,107
epidermal,107
osteoporosis,107
brief,107
allowed,106
subcutaneous,106
hippocampal,106
shape,106
pancreatitis,106
observations,106
gi,106
hispanic,106
embryonic,106
medial,106
dosing,106
parent,106
extension,106
phylogenetic,106
sbp,105
channels,105
pe,105
august,105
sle,105
distance,105
mr,105
woman,105
dysregulation,105
definition,105
platelets,105
pituitary,105
localized,105
cesarean,105
postoperatively,105
elevation,105
parallel,105
biliary,105
reporter,105
visceral,105
downregulation,105
catenin,105
sports,105
subjected,104
dc,104
candidates,104
bypass,104
inflammasome,104
defect,104
maturation,104
curves,104
markedly,104
rise,104
completion,104
stimuli,104
nicotine,104
tumours,104
1000,104
detecting,104
policies,104
li,104
nurse,104
ai,104
es,104
city,104
she,104
retention,103
aml,103
teeth,103
threatening,103
extremely,103
nodules,103
initiated,103
velocity,103
vancomycin,103
focusing,103
facility,103
histology,103
nor,103
practitioners,103
fitness,103
loaded,103
consistently,103
preferred,103
periodontal,103
besides,103
minimally,103
avoid,102
fed,102
generate,102
obtain,102
called,102
created,102
informed,102
fixation,102
lymphocyte,102
dataset,102
fistula,102
entire,102
75%,102
computational,102
disparities,102
peer,102
fast,102
vector,102
pathologic,102
combining,102
reveals,102
autologous,102
von,101
covariates,101
added,101
&lt,101
ethnicity,101
communities,101
storage,101
noise,101
optic,101
appearance,101
assist,101
headache,101
si,101
snps,100
cv,100
ncov,100
quantified,100
degeneration,100
adhd,100
ptsd,100
tube,100
exist,100
outbreak,100
considerable,100
ha,100
insufficient,100
influences,100
extremity,100
nitric,100
cognition,100
circ,100
radiographic,100
sham,100
meeting,100
aid,100
item,100
als,100
gp,100
predominantly,99
60%,99
lost,99
thromboembolism,99
replication,99
oh,99
monotherapy,99
already,99
regular,99
equivalent,99
standards,99
cp,99
identity,99
glomerular,99
attending,99
fit,99
staging,99
fine,99
transcriptome,99
allergy,99
bioinformatics,99
supports,98
cycles,98
clarify,98
ht,98
presents,98
substantially,98
hazards,98
yield,98
endemic,98
optimize,98
sufficient,98
reductions,98
caregivers,98
completely,98
lymphocytes,98
actin,98
simultaneous,98
scaffold,98
psychosocial,98
applying,98
rhythm,98
da,98
ac,98
statistics,98
neither,98
poisoning,98
subtype,97
conserved,97
residues,97
70%,97
volumes,97
aa,97
modulate,97
nephropathy,97
coagulation,97
responsive,97
mammalian,97
resting,97
partner,97
february,97
manage,97
vesicles,97
sci,97
corticosteroids,97
lungs,97
pleural,97
tibial,97
smooth,97
iran,97
coronavirus,97
rectal,97
gas,97
multidrug,97
veterans,97
positron,97
europe,96
elucidated,96
below,96
monitored,96
probe,96
partially,96
aeruginosa,96
actions,96
frequencies,96
partners,96
question,96
hemodynamic,96
trans,96
pretreatment,96
horses,96
infertility,96
alveolar,96
peritoneal,96
amongst,96
ketamine,96
geriatric,96
endoscopy,96
curcumin,96
collaboration,96
fifty,96
possibility,95
introduced,95
systematically,95
mature,95
widespread,95
seeking,95
dimensions,95
injections,95
elective,95
optimization,95
dendritic,95
arteries,95
user,95
modern,95
wt,95
kras,95
hemodialysis,95
notably,95
shoulder,95
cis,95
bmj,94
contributed,94
hd,94
far,94
errors,94
closure,94
representative,94
recommend,94
experiment,94
dependence,94
chd,94
canine,94
alcoholic,94
semi,94
interview,94
cardiology,94
radiology,94
ige,93
reached,93
sirna,93
encoding,93
gestation,93
marked,93
offspring,93
institutions,93
highlighted,93
comprised,93
phenotypic,93
accurately,93
immunoglobulin,93
elimination,93
correlate,93
irradiation,93
microvascular,93
evaluations,93
record,93
cough,93
senescence,93
performing,93
familial,93
aspirin,93
government,93
icd,92
rated,92
synaptic,92
appeared,92
12%,92
cannot,92
twice,92
controversial,92
addressed,92
changed,92
programme,92
circadian,92
pigs,92
2005,92
predominant,92
dry,92
physiology,92
lifetime,92
hospitalizations,92
resident,92
estimation,92
indicator,92
construct,92
steroid,92
distributed,92
generalized,92
immunohistochemical,92
bm,91
usa,91
continue,91
crt,91
progenitor,91
interquartile,91
participant,91
lowering,91
advantages,91
season,91
protect,91
spectroscopy,91
determination,91
15%,91
biologic,91
precise,91
umbilical,91
mitral,91
sarcoma,91
modulating,91
colony,91
metal,91
estrogen,91
antitumor,91
exosomes,91
addiction,91
comparisons,91
burn,91
stigma,91
z,91
wang,90
abundant,90
abundance,90
eeg,90
started,90
enable,90
attempt,90
frontal,90
formed,90
braf,90
dehydrogenase,90
chromatin,90
nevertheless,90
adaptive,90
postnatal,90
hg,90
ecg,90
scanning,90
addressing,90
sc,90
plan,90
ultimately,90
virulence,90
root,90
atypical,90
poly,90
bcl,90
fibroblast,90
karger,90
basel,90
el,90
extracorporeal,90
prp,90
chi,90
cap,90
attributed,89
gained,89
vulnerable,89
cattle,89
sets,89
cyst,89
walking,89
situ,89
breastfeeding,89
rarely,89
embryo,89
colonization,89
neutralizing,89
proliferative,89
uncertain,89
calcification,89
pi,89
suicidal,89
psychosis,89
radial,89
peg,89
ageing,89
sixty,89
complementary,89
bipolar,89
w,89
participating,88
stronger,88
myeloma,88
harm,88
fields,88
cutoff,88
mother,88
pregnancies,88
separate,88
progesterone,88
synergistic,88
blocking,88
incontinence,88
hormones,88
triple,88
mmp,88
silencing,88
driving,88
salivary,88
zinc,88
biomedical,88
ild,87
forming,87
differentiate,87
nodes,87
yielded,87
glp,87
never,87
stimulating,87
combinations,87
mechanistic,87
parasite,87
knockout,87
16s,87
vehicle,87
inversely,87
poorer,87
bearing,87
readmissions,87
prep,87
paediatric,87
loading,87
goals,87
consultation,87
room,87
globally,87
paradigm,87
wnt,87
collectively,87
nano,87
t2,86
entry,86
offered,86
exists,86
man,86
largest,86
prominent,86
composed,86
slow,86
magnitude,86
muscular,86
pluripotent,86
own,86
placed,86
embryos,86
1,86
mucosa,86
mb,86
utilizing,86
plasmodium,86
articular,86
examining,86
blotting,86
rest,86
portal,86
translocation,86
unilateral,86
era,86
pharmaceutical,86
personality,86
nearly,86
doctors,86
antiviral,86
editing,86
neoadjuvant,86
pf,86
curriculum,86
funding,86
faculty,86
lessons,86
,86
tp53,85
antigens,85
example,85
protease,85
locations,85
contained,85
achieving,85
take,85
cows,85
bd,85
formulation,85
neuroendocrine,85
waist,85
exchange,85
dissemination,85
coping,85
noninvasive,85
activator,85
anatomy,85
color,85
effusion,85
exploring,85
ethics,85
green,85
offers,84
tasks,84
demonstrating,84
differed,84
epidemic,84
2007,84
slightly,84
cavity,84
complement,84
genetically,84
subsets,84
solutions,84
hfd,84
opportunity,84
enhances,84
analgesia,84
supply,84
claims,84
carrier,84
consideration,84
zebrafish,84
paired,84
workplace,84
requirements,84
socio,84
q,84
centered,84
sciences,84
angiotensin,84
automated,84
map,84
nm,84
escherichia,83
jnk,83
adulthood,83
35%,83
evs,83
preferences,83
trigger,83
helpful,83
view,83
implants,83
fractions,83
latent,83
nausea,83
simultaneously,83
dysplasia,83
quantification,83
difficulty,83
conduct,83
girls,83
released,83
anatomic,83
mid,83
ambulatory,83
lupus,83
5,83
british,82
foods,82
mediators,82
copy,82
junction,82
fda,82
×,82
managed,82
conversion,82
novo,82
sections,82
margin,82
consisting,82
approval,82
urgent,82
excess,82
starting,82
monocytes,82
ion,82
epidural,82
indian,82
endpoints,82
monoclonal,82
alt,82
tooth,82
hybrid,82
orthopedic,82
luciferase,82
consequently,82
micro,82
th,82
ipf,81
conclude,81
11%,81
degs,81
hypertrophy,81
instruments,81
phases,81
concerning,81
preservation,81
tandem,81
varying,81
extra,81
medicare,81
hc,81
dermatitis,81
testicular,81
seq,81
east,81
neuroinflammation,81
exact,81
con,81
grading,81
register,81
ab,81
ethiopia,81
hrqol,81
her2,80
fi,80
mycobacterium,80
deprivation,80
rrna,80
clearly,80
restricted,80
inner,80
indication,80
create,80
trained,80
minute,80
pharmacokinetic,80
exclusive,80
output,80
oxygenation,80
aware,80
diarrhea,80
atherosclerotic,80
corrected,80
square,80
scaffolds,80
migraine,80
committee,80
intelligence,80
fc,80
rd,80
bound,79
discusses,79
33%,79
lethal,79
gbm,79
capable,79
valid,79
confounders,79
disc,79
prevented,79
dopamine,79
decade,79
periodontitis,79
limits,79
epithelium,79
parasites,79
promise,79
optimized,79
withdrawal,79
transformation,79
experts,79
astrocytes,79
candida,79
ns,79
ethical,79
institutional,79
atopic,79
bariatric,79
military,79
analog,79
contemporary,79
sarcopenia,79
thematic,79
pharmacology,79
kit,79
sma,78
modulated,78
causative,78
evident,78
environments,78
mc,78
revascularization,78
lipids,78
worsening,78
cmr,78
plate,78
easily,78
sympathetic,78
instrument,78
evoked,78
complexes,78
				,78
remote,78
immunosuppressive,78
ethanol,78
inadequate,78
labeling,78
aneurysm,78
axial,78
protects,78
nomogram,78
encephalopathy,78
closed,78
cardiopulmonary,78
conservative,78
clinician,78
ma,78
usefulness,78
sequential,78
medicinal,78
hsa,78
ie,78
province,78
d1,77
allowing,77
300,77
mmhg,77
fa,77
quantify,77
verified,77
angiogenic,77
iga,77
covered,77
involves,77
participate,77
causal,77
limiting,77
transmitted,77
papers,77
experiencing,77
discharged,77
leg,77
sensor,77
burnout,77
leadership,77
supplements,77
influencing,77
extracts,77
rupture,77
diagnose,77
proper,77
diagnostics,77
interferon,77
saliva,77
doxorubicin,77
germline,77
resveratrol,77
shear,77
fear,77
un,77
generic,77
update,77
bmd,76
tlr4,76
phenomenon,76
routinely,76
rem,76
14%,76
mci,76
bdnf,76
acceptable,76
pathologies,76
uses,76
transporter,76
recovered,76
triggered,76
canadian,76
trait,76
reproducibility,76
cd8+,76
particle,76
blockade,76
npc,76
vomiting,76
coherence,76
disruption,76
list,76
enzymatic,76
labor,76
0,76
antenatal,76
cardiometabolic,76
expanded,76
instability,76
tumorigenesis,76
historical,76
prescriptions,76
opioids,76
northern,76
,76
bbb,75
synthase,75
icc,75
ocd,75
ahi,75
recessive,75
bpd,75
reflect,75
reason,75
drainage,75
particles,75
gmbh,75
immediately,75
medicaid,75
alter,75
glutathione,75
arabia,75
innovative,75
correct,75
vary,75
gaps,75
heterozygous,75
codes,75
morphine,75
job,75
methyl,75
immunization,75
dog,75
parental,75
lineage,75
pah,75
propofol,75
manual,75
virtual,75
pb,75
18%,74
thresholds,74
surrounding,74
ray,74
signatures,74
apparent,74
signalling,74
session,74
actual,74
deliver,74
hif,74
turnover,74
chemokine,74
namely,74
blinded,74
ppi,74
latency,74
thrombin,74
joints,74
difficulties,74
loci,74
accelerated,74
interference,74
autonomic,74
scales,74
dairy,74
permanent,74
neurologic,74
eligibility,74
endovascular,74
balloon,74
considerations,74
musculoskeletal,74
antifungal,74
cultural,74
micrornas,74
pt,74
genomes,74
nac,74
mutants,73
became,73
enabled,73
drive,73
neurodevelopmental,73
sf,73
highlighting,73
tended,73
immunosorbent,73
mitophagy,73
embolism,73
21%,73
algorithms,73
emergence,73
phosphatase,73
affinity,73
circumference,73
anomalies,73
salt,73
intubation,73
assembly,73
consistency,73
syndromes,73
cruciate,73
probiotics,73
administrative,73
vertical,73
suture,73
oc,73
internet,73
gd,73
nc,72
discovered,72
snp,72
nigeria,72
ors,72
85%,72
responsiveness,72
65%,72
undertaken,72
fundamental,72
impairments,72
episode,72
nerves,72
zhang,72
powerful,72
stakeholders,72
engage,72
2d,72
cas9,72
va,72
schools,72
infiltrating,72
concordance,72
analytical,72
volunteers,72
diagnosing,72
discontinuation,72
weekly,72
cigarettes,72
financial,72
potassium,72
genotyping,72
ankle,72
gamma,72
uncertainty,72
microarray,72
m,72
ahr,72
gyrus,71
pairs,71
throughput,71
deformity,71
cardiomyocytes,71
bodies,71
2006,71
preserved,71
substances,71
distant,71
just,71
analgesic,71
subunit,71
augmentation,71
wrist,71
alteration,71
cytoplasmic,71
antibacterial,71
comprising,71
coordination,71
undergone,71
hepatocytes,71
fall,71
rescue,71
ring,71
tree,71
dorsal,71
changing,71
phagocytosis,71
neuromuscular,71
ear,71
deficit,71
checklist,71
osteosarcoma,71
mps,71
ob,71
18f,70
e2,70
york,70
www,70
125,70
endothelium,70
trunk,70
glutamate,70
tailored,70
adolescence,70
specimen,70
acuity,70
bed,70
forced,70
parameter,70
enables,70
start,70
breath,70
publications,70
array,70
thailand,70
enrollment,70
abnormality,70
threat,70
resected,70
proton,70
modelling,70
allogeneic,70
substrate,70
locally,70
lipopolysaccharide,70
programmed,70
porcine,70
chicken,70
conversely,70
antiretroviral,70
vision,70
triglycerides,70
twin,70
breathing,70
circular,70
principal,70
insomnia,70
eastern,70
psychiatry,70
advancement,70
employer,69
msc,69
secreted,69
definitions,69
encountered,69
effort,69
ho,69
suffering,69
fragment,69
representing,69
insufficiency,69
heavy,69
untreated,69
locus,69
inducible,69
colistin,69
pci,69
boys,69
pump,69
np,69
splicing,69
androgen,69
sharing,69
bovine,69
sedentary,69
immunodeficiency,69
infrared,69
bronchial,69
adiponectin,69
twelve,69
intermittent,69
telemedicine,69
eds,69
as1,68
strongest,68
resolved,68
amplification,68
traits,68
pig,68
31%,68
sas,68
confounding,68
ways,68
accepted,68
complexity,68
52%,68
engineered,68
kappa,68
oncogenic,68
spleen,68
provision,68
pharmacy,68
aneurysms,68
a549,68
feed,68
ss,68
meanwhile,68
peri,68
p =,68
radiologists,68
multimodal,68
ea,68
anaesthesia,68
am,68
literacy,68
sts,68
glaucoma,68
statement,68
igm,67
taylor,67
separately,67
http,67
pivotal,67
klebsiella,67
respond,67
attempts,67
represented,67
maximal,67
apply,67
iodine,67
asked,67
ingredients,67
ventral,67
polarization,67
ideation,67
verlag,67
motivation,67
insertion,67
constant,67
leptin,67
greatly,67
retrograde,67
cure,67
excluding,67
canal,67
pr,67
beliefs,67
faster,67
behavioural,67
inverse,67
interacting,67
exclusion,67
narrative,67
exploratory,67
3,67
mini,67
pan,67
gaba,66
psma,66
cid,66
ngs,66
indonesia,66
meet,66
spanish,66
meat,66
alignment,66
household,66
incomplete,66
nodule,66
australian,66
prone,66
normalized,66
tt,66
theoretical,66
teams,66
topic,66
42%,66
extensively,66
resilience,66
dosage,66
24%,66
aggregation,66
updated,66
triglyceride,66
thin,66
autosomal,66
thermal,66
counseling,66
follicular,66
hypersensitivity,66
retinopathy,66
leakage,66
rejection,66
audit,66
attributable,66
17a,66
hypothyroidism,66
hepg2,66
dox,66
forces,66
rsv,65
pylori,65
display,65
capture,65
explained,65
2004,65
summarized,65
2003,65
mutated,65
brazil,65
mediate,65
italy,65
demand,65
16%,65
efficiently,65
sense,65
latter,65
concepts,65
mandibular,65
pseudomonas,65
priority,65
falciparum,65
microglial,65
hormonal,65
establishment,65
transgenic,65
individualized,65
contributions,65
auditory,65
equal,65
estradiol,65
filtration,65
conditioning,65
metabolomics,65
neoplasm,65
paclitaxel,65
febrile,65
eighty,65
predicts,65
aberrant,65
pembrolizumab,65
cerebrospinal,65
radiographs,65
toll,65
attitude,65
p=,65
cam,65
hydrogen,65
pk,64
ivf,64
bcg,64
taiwan,64
alleles,64
org,64
spent,64
102,64
declined,64
activates,64
mimic,64
organic,64
29%,64
c57bl,64
implanted,64
fibrotic,64
mediator,64
stool,64
travel,64
streptococcus,64
postmenopausal,64
weak,64
classical,64
details,64
incision,64
surgeon,64
exome,64
scopus,64
hydrogel,64
olfactory,64
bilirubin,64
incremental,64
architecture,64
colonic,64
effector,64
donation,64
bax,64
intraocular,64
rheumatology,64
ras,64
cl,64
societies,64
bi,64
bat,64
kidneys,63
ap,63
unrelated,63
curative,63
german,63
gm,63
67%,63
71%,63
absent,63
45%,63
facilitating,63
probably,63
express,63
serine,63
turn,63
specialists,63
phosphorylated,63
mtt,63
presentations,63
adopted,63
reviewers,63
parts,63
private,63
manifestation,63
opinion,63
absorption,63
geographical,63
salvage,63
cortisol,63
pubchem,63
cdi,63
pv,63
ba,63
oct,63
labeled,63
inventory,63
methodological,63
description,63
leukocyte,63
competency,63
ectopic,63
neuroimaging,63
housing,63
transcatheter,63
sport,63
mf,63
microbiology,63
les,63
ipv,62
implement,62
spearman,62
wistar,62
reactivity,62
activate,62
advantage,62
consent,62
google,62
follows,62
ibs,62
intestine,62
positivity,62
preference,62
advance,62
92%,62
cerebellar,62
coefficients,62
nlr,62
smoke,62
fact,62
ami,62
fibers,62
reflex,62
amplitude,62
rhinitis,62
accounted,62
prevents,62
que,62
tm,62
integrin,62
analyzing,62
hyperglycemia,62
excision,62
accounting,62
managing,62
hypothermia,62
simulated,62
µg,62
neuroprotective,62
sputum,62
allograft,62
plasmid,62
transcripts,62
para,62
principles,62
mast,62
cranial,62
proportions,62
hb,62
clinicopathological,62
fractional,62
pediatrics,62
originally,62
francis,61
mrnas,61
returned,61
2002,61
complaints,61
escape,61
silico,61
44%,61
sparing,61
departments,61
habits,61
diuretics,61
potentials,61
orally,61
proinflammatory,61
tolerated,61
missed,61
pathophysiological,61
antagonists,61
selectively,61
input,61
incorporating,61
minority,61
mechanistically,61
bind,61
uncommon,61
competencies,61
vasculitis,61
22%,61
pn,61
responded,61
suboptimal,61
adenosine,61
synthesized,61
plane,61
germ,61
former,61
pdac,61
osteogenic,61
glycoprotein,61
specialist,61
security,61
chemokines,61
overlap,61
asa,61
cerebrovascular,61
emphasis,61
membranes,61
penile,61
box,61
gliomas,61
histopathology,61
surgically,61
window,61
racial,61
dengue,61
formula,61
quercetin,61
hrs,61
mrs,61
1,61
lt,60
crs,60
respective,60
rfs,60
gradually,60
always,60
ideal,60
proved,60
focuses,60
metabolite,60
23%,60
degenerative,60
ls,60
personnel,60
exploration,60
registries,60
powder,60
mineral,60
kinetics,60
cocaine,60
rct,60
fibrinogen,60
13%,60
dcs,60
removed,60
modifying,60
undergraduate,60
toxicities,60
nitrogen,60
redox,60
calculate,60
scarce,60
intention,60
easy,60
autoantibodies,60
domestic,60
walk,60
mt,60
bw,60
incorporated,60
fruit,60
cats,60
seasonal,60
ductal,60
hypoglycemia,60
palsy,60
à,60
biologics,60
accordingly,60
gel,60
instead,60
hereditary,60
tramadol,60
cat,60
arthroscopy,60
indigenous,60
initiative,60
ko,59
ldh,59
mrsa,59
mediating,59
scenarios,59
h3,59
vulnerability,59
itself,59
ses,59
contains,59
83%,59
players,59
noncoding,59
frozen,59
speech,59
specialty,59
depends,59
standardised,59
vectors,59
isolate,59
driver,59
exogenous,59
reticulum,59
processed,59
monocyte,59
sa,59
immunological,59
colonoscopy,59
relaxation,59
cytology,59
contamination,59
definitive,59
ki,59
ulcerative,59
adenoma,59
pancreas,59
statin,59
geographic,59
flexible,59
beam,59
gross,59
doppler,59
melatonin,59
owing,59
prophylactic,59
nanoparticle,59
seventy,59
dermatology,59
voice,59
robotic,59
serial,59
orthopaedic,59
db,59
le,59
m1,58
msm,58
germany,58
adapted,58
overload,58
behaviours,58
deterioration,58
births,58
fmri,58
agonists,58
igf,58
55%,58
contralateral,58
restored,58
eg,58
sirt1,58
clustering,58
distinguish,58
caries,58
aorta,58
amyloidosis,58
makes,58
continues,58
surrogate,58
glands,58
histologic,58
reflected,58
supportive,58
landscape,58
cll,58
summarizes,58
severely,58
satisfactory,58
autonomy,58
psg,58
trimester,58
timely,58
pten,58
ulcers,58
give,58
sheep,58
visible,58
masses,58
polymer,58
suppresses,58
fluorescent,58
meaningful,58
select,58
specialized,58
climate,58
trace,58
ppv,58
repetitive,58
sign,58
chance,58
purified,58
ultra,58
ce,58
incorporation,58
tubular,58
selenium,58
defining,58
hygiene,58
indeed,58
abstinence,58
p38,58
tear,58
steatosis,58
erectile,58
thrombocytopenia,57
19%,57
34%,57
bayesian,57
forward,57
chen,57
becoming,57
sulfate,57
accessed,57
superoxide,57
crisis,57
injured,57
movements,57
direction,57
r=0,57
reversible,57
clot,57
suppress,57
76%,57
arginine,57
ligands,57
acts,57
heme,57
filled,57
dilation,57
myocardium,57
equation,57
fungi,57
anticoagulant,57
multiplex,57
separation,57
modifiable,57
reversal,57
falls,57
tachycardia,57
correctly,57
ventilator,57
implementing,57
restoration,57
·,57
pad,57
max,57
bronchoscopy,57
capillary,57
forensic,57
cf,57
bio,57
gray,57
cyclin,57
interpersonal,57
mcf,57
traffic,57
board,57
revised,57
southern,57
borne,56
dpp,56
contain,56
nmr,56
63%,56
dramatically,56
antidepressant,56
synovial,56
glial,56
operated,56
88%,56
warfarin,56
exon,56
g1,56
diets,56
mit,56
49%,56
docking,56
competitive,56
abilities,56
alleviated,56
36%,56
32%,56
contents,56
believe,56
detectable,56
saharan,56
dyslipidemia,56
trophoblast,56
conditioned,56
acceptance,56
compartment,56
initiating,56
ones,56
west,56
identifies,56
homozygous,56
empirical,56
retrieved,56
duct,56
lysine,56
uric,56
ventricle,56
mediates,56
follicle,56
fh,56
laboratories,56
overexpressed,56
aes,56
confocal,56
arrhythmias,56
branch,56
universal,56
coa,56
executive,56
delirium,56
collaborative,56
estimating,56
enteral,56
reproduction,56
integrating,56
nonalcoholic,56
fetuses,56
mn,56
cts,56
mesh,56
sea,56
tcm,55
pacientes,55
lactobacillus,55
lobe,55
150,55
pacing,55
17%,55
ovary,55
hyperplasia,55
greatest,55
analyse,55
mutational,55
86%,55
43%,55
putative,55
allocated,55
remarkable,55
alleviate,55
damaged,55
mediterranean,55
behind,55
organoids,55
spect,55
otherwise,55
immunocompromised,55
rotation,55
exercises,55
cpg,55
disturbances,55
xenograft,55
chart,55
tils,55
exhibits,55
homa,55
cea,55
gvhd,55
attenuates,55
blockers,55
purposes,55
hemorrhagic,55
dyspnea,55
etc,55
exacerbation,55
conjugated,55
hypotension,55
displacement,55
raw,55
adoption,55
reserve,55
r=0,55
sudden,55
